Algorithm, p2, Avg(CC)
CBJDO2,0.100000001,47.45000076
CBJDO2,0.200000003,84.5
CBJDO2,0.300000012,994.0499878
CBJDO2,0.400000006,718.9500122
CBJDO2,0.5,294.6000061
CBJDO2,0.600000024,173.1999969
CBJDO2,0.699999988,123.6500015
CBJDO2,0.800000012,81.25
