Algorithm, p2, Avg(NCCC)
CBJ, 0.10000000149011612, 0.0
CBJ, 0.20000000298023224, 0.0
CBJ, 0.30000001192092896, 0.0
CBJ, 0.4000000059604645, 0.0
CBJ, 0.5, 0.0
CBJ, 0.6000000238418579, 0.0
CBJ, 0.699999988079071, 0.0
CBJ, 0.800000011920929, 0.0
