Algorithm, M, Avg(CC)
CBJ,1,3413.649902
CBJ,2,2953
CBJ,3,2553.149902
CBJ,4,2328.300049
CBJ,5,3295.050049
CBJ,6,2822.350098
CBJ,7,3363.199951
ABT,1,201.3500061
ABT,2,58.09999847
ABT,3,52.40000153
ABT,4,40.75
ABT,5,54.09999847
ABT,6,62.15000153
ABT,7,63.90000153
CBJDO2,1,2959.850098
CBJDO2,2,3444.399902
CBJDO2,3,2975.149902
CBJDO2,4,2505.800049
CBJDO2,5,2702.050049
CBJDO2,6,2702.899902
CBJDO2,7,3255.149902
